<dir name="~" created="1970-01-01 00:00:00" modified="1970-01-01 00:00:00">
  <dir name="usr" created="1970-01-01 00:00:00" modified="2021-11-30 20:30:54.684763">
    <file name="pepe" created="1970-01-01 00:00:00" modified="1970-01-01 00:00:00" size="13">Hola soy pepe</file>
    <file name="juan" created="1970-01-01 00:00:00" modified="1970-01-01 00:00:00" size="13">Hola soy juan</file>
    <file name="maria" created="1970-01-01 00:00:00" modified="1970-01-01 00:00:00" size="14">Hola soy maria</file>
    <dir name="noe" created="1970-01-01 00:00:00" modified="2021-11-30 19:22:55.856580">
      <file name="holis.txt" created="2021-11-30 19:19:05.628168" modified="2021-11-30 19:19:22.720477" size="12">Hola soy noe</file>
      <file name="chau.txt" created="2021-11-30 19:22:46.615705" modified="2021-11-30 19:22:55.856501" size="13">Adios a todos</file>
      <file name="foto.jpeg" created="2021-11-30 19:22:46.615705" modified="2021-11-30 19:22:55.856501" size="24">FFD8FFE00123456789ABCDEF</file>
    </dir>
    <dir name="cami" created="2021-11-30 20:30:54.684692" modified="2021-11-30 20:31:25.012209">
      <file name="main.js" created="2021-11-30 20:31:06.067420" modified="2021-11-30 20:31:25.012150" size="20">console.log("Hola");</file>
    </dir>
  </dir>
  <dir name="bin" created="1970-01-01 00:00:00" modified="1970-01-01 00:00:00">
    <file name="gcc" created="1970-01-01 00:00:00" modified="1970-01-01 00:00:00"/>
    <file name="javac" created="1970-01-01 00:00:00" modified="1970-01-01 00:00:00"/>
    <file name="python" created="1970-01-01 00:00:00" modified="1970-01-01 00:00:00"/>
    <file name="unArchivo" created="1970-01-01 00:00:00" modified="1970-01-01 00:00:00"/>
  </dir>
  <dir name="local" created="1970-01-01 00:00:00" modified="2021-11-30 19:26:42.152515">
    <file name="init.sh" created="1970-01-01 00:00:00" modified="1970-01-01 00:00:00"/>
    <file name="algo.sh" created="1970-01-01 00:00:00" modified="1970-01-01 00:00:00"/>
    <file name="sys.sh" created="2021-11-30 19:26:42.152264" modified="2021-11-30 19:26:42.152449" size="0"/>
  </dir>
  <file name="boot.sh" created="1970-01-01 00:00:00" modified="1970-01-01 00:00:00"/>
</dir>
