<rss version="2.0" xml:base="http://www.agencia.mincyt.gob.ar/frontend/agencia/rss_feed">
  <channel>
    <title>Agencia nacional de promoci&#243;n cient&#237;fica y tecnol&#243;gica</title>
    <link>http://www.agencia.mincyt.gob.ar/frontend/agencia/rss</link>
    <description />
    <language>es</language>
    <item>
      <title>PICT 2017 - Proceso de Adjudicaci&#243;n</title>
      <link>http://www.agencia.mincyt.gob.ar/frontend/agencia/post/2943</link>
      <description>El Fondo para la Investigaci&#243;n Cient&#237;fica y Tecnol&#243;gica (FONCyT) anuncia los resultados del proceso de reconsideraci&#243;n para la convocatoria PICT 2017 mediante Resoluci&#243;n N&#176;092/18. </description>
      <enclosure url="http://www.agencia.mincyt.gob.ar/images/upload/t1_20181107013646402234837.jpg" type="image/jpeg" />

      <pubDate>Wed, 07 Nov 2018 00:00:00 -0300</pubDate>
    </item>
    <item>
      <title>La Agencia present&#243; dos nuevas convocatorias en C&#243;rdoba</title>
      <link>http://www.agencia.mincyt.gob.ar/frontend/agencia/post/2942</link>
      <description>Frente a autoridades provinciales y empresarios del sector l&#225;cteo, el Fondo Tecnol&#243;gico Argentino brind&#243; detalles acerca de los instrumentos que ofrecer&#225; a nivel nacional. </description>
      <enclosure url="http://www.agencia.mincyt.gob.ar/images/upload/t1_20181105122814154872185.jpg" type="image/jpeg" />

      <pubDate>Mon, 05 Nov 2018 00:00:00 -0300</pubDate>
    </item>
    <item>
      <title>La Agencia present&#243; dos nuevas convocatorias en C&#243;rdoba</title>
      <link>http://www.agencia.mincyt.gob.ar/frontend/agencia/post/2941</link>
      <description>Frente a autoridades provinciales y empresarios del sector l&#225;cteo, el Fondo Tecnol&#243;gico Argentino brind&#243; detalles acerca de los instrumentos que ofrecer&#225; a nivel nacional.</description>
      <enclosure url="http://www.agencia.mincyt.gob.ar/images/upload/t1_20181105085623952544215.jpg" type="image/jpeg" />

      <pubDate>Fri, 02 Nov 2018 00:00:00 -0300</pubDate>
    </item>
    <item>
      <title>PCE Richmond - Proceso de adjudicaci&#243;n</title>
      <link>http://www.agencia.mincyt.gob.ar/frontend/agencia/post/2939</link>
      <description>El Fondo para la Investigaci&#243;n Cient&#237;fica y Tecnol&#243;gica (FONCyT) anuncia los resultados del proceso de adjudicaci&#243;n para la convocatoria PCE Richmond mediante Resoluci&#243;n N&#176;081/18.</description>
      <enclosure url="http://www.agencia.mincyt.gob.ar/images/upload/t1_2018102411034754921559.jpg" type="image/jpeg" />

      <pubDate>Wed, 24 Oct 2018 00:00:00 -0300</pubDate>
    </item>
    <item>
      <title>PICT 2017 Max Planck - Proceso de Adjudicaci&#243;n</title>
      <link>http://www.agencia.mincyt.gob.ar/frontend/agencia/post/2937</link>
      <description>El Fondo para la Investigaci&#243;n Cient&#237;fica y Tecnol&#243;gica (FONCyT) anuncia los resultados del proceso de adjudicaci&#243;n para la convocatoria PICT 2017 Max Planck mediante Resoluci&#243;n N&#176;080/18.</description>
      <enclosure url="http://www.agencia.mincyt.gob.ar/images/upload/t1_20181023110313851360283.jpg" type="image/jpeg" />

      <pubDate>Tue, 23 Oct 2018 00:00:00 -0300</pubDate>
    </item>
    <item>
      <title>PICT CABBIO - Proceso de Admisibilidad</title>
      <link>http://www.agencia.mincyt.gob.ar/frontend/agencia/post/2936</link>
      <description>El Fondo para la Investigaci&#243;n Cient&#237;fica y Tecnol&#243;gica (FONCyT) anuncia los resultados del proceso de admisibilidad para la convocatoria PICT CABBIO mediante Resoluci&#243;n N&#176;005/18.</description>
      <enclosure url="http://www.agencia.mincyt.gob.ar/images/upload/t1_20181023104932574587470.jpg" type="image/jpeg" />

      <pubDate>Tue, 23 Oct 2018 00:00:00 -0300</pubDate>
    </item>
    <item>
      <title>PICTO 2018 UNLA - Proceso de adjudicaci&#243;n</title>
      <link>http://www.agencia.mincyt.gob.ar/frontend/agencia/post/2938</link>
      <description>El Fondo para la Investigaci&#243;n Cient&#237;fica y Tecnol&#243;gica (FONCyT) anuncia los resultados del proceso de adjudicaci&#243;n para la convocatoria PICTO 2018 UNLA mediante Resoluci&#243;n N&#176;083/18.</description>
      <enclosure url="http://www.agencia.mincyt.gob.ar/images/upload/t1_20181023110827944778414.jpg" type="image/jpeg" />

      <pubDate>Tue, 23 Oct 2018 00:00:00 -0300</pubDate>
    </item>
    <item>
      <title>PCE Sinergium Biotech - Proceso de Adjudicaci&#243;n </title>
      <link>http://www.agencia.mincyt.gob.ar/frontend/agencia/post/2935</link>
      <description>El Fondo para la Investigaci&#243;n Cient&#237;fica y Tecnol&#243;gica (FONCyT) anuncia los resultados del proceso de adjudicaci&#243;n para la convocatoria PCE Sinergium Biotech mediante Resoluci&#243;n N&#176;068/18.</description>
      <enclosure url="http://www.agencia.mincyt.gob.ar/images/upload/t1_20181018103325798338998.jpg" type="image/jpeg" />

      <pubDate>Thu, 18 Oct 2018 00:00:00 -0300</pubDate>
    </item>
    <item>
      <title>Emprendedores FONSOFT 2017 C1 Y C2 - Proceso de Reconsideraci&#243;n</title>
      <link>http://www.agencia.mincyt.gob.ar/frontend/agencia/post/2930</link>
      <description>El Fondo Fiduciario de Promoci&#243;n de la Industria del Software (FONSOFT) anuncia los resultados del proceso de evaluaci&#243;n y reconsideraci&#243;n para las convocatoria Emprendedores FONSOFT 2017 C1 y C2 mediante Resoluciones N&#176;001, 005 y 011/18.-</description>
      <enclosure url="http://www.agencia.mincyt.gob.ar/images/upload/t1_201810161155133936210.jpg" type="image/jpeg" />

      <pubDate>Tue, 16 Oct 2018 00:00:00 -0300</pubDate>
    </item>
    <item>
      <title>ANR EMPRESA JOVEN 2016 C1 - Proceso de reconsideraci&#243;n </title>
      <link>http://www.agencia.mincyt.gob.ar/frontend/agencia/post/2931</link>
      <description>El Fondo Fiduciario de Promoci&#243;n de la Industria del Software (FONSOFT) anuncia los resultados del proceso de reconsideraci&#243;n para la convocatoria ANR EMPRESA JOVEN 2016 C1 mediante Resoluci&#243;n de Directorio N&#176;004/18.</description>
      <enclosure url="http://www.agencia.mincyt.gob.ar/images/upload/t1_2018101612314734479588.jpg" type="image/jpeg" />

      <pubDate>Tue, 16 Oct 2018 00:00:00 -0300</pubDate>
    </item>
  </channel>
</rss>